feature,coef,std_err,z,p_value,IRR,IRR_minus_1_pct
hot_transfer_bags,0.004184257924444969,0.002852648574141159,1.4667975447009678,0.14243113783100192,1.0041930241540915,0.4193024154091507
load_factor_proxy,-1.8593210206544692,0.19046472540866635,-9.762022950260521,1.638536580322212e-22,0.1557783647603538,-84.42216352396463
ssr_rate,5.494644293592748,81.17682173299195,0.06768735430004659,0.9460345160303154,243.38493717987177,24238.493717987178
turn_buffer,-0.00020115098190661427,0.00021362164827507394,-0.9416226470062548,0.34638587073084814,0.9997988692475958,-0.020113075240424383
wchr_rate,-2.352389685960398,77.28810122719123,-0.030436634470362538,0.9757188282984203,0.0951415319582886,-90.48584680417115
